CustomerID,frequency,recency,T,monetary_value,p_alive,predicted_purchases,expected_avg_value,clv,segment,segment_name
10001,29.0,726.0,728.0,1292.068620689655,0.9999999999871525,1.0785770054847672,1328.5201950691985,36980.15752124743,1,Very High Value
10002,9.0,548.0,574.0,277.00111111111113,0.9999999997902345,0.4610217388624218,303.95655675629644,3616.4491212931925,0,High Value
10004,9.0,633.0,719.0,233.1577777777778,0.9999999989879005,0.3821548936389341,255.86532897231848,2523.482544953187,0,High Value
10005,13.0,623.0,704.0,271.0323076923077,0.9999999988112935,0.5331651588390007,288.7647697219952,3973.337052458216,0,High Value
10006,26.0,708.0,710.0,1464.3880769230768,0.9999999999871148,0.9944070100184955,1510.613232020027,38767.420117938476,1,Very High Value
10007,17.0,679.0,690.0,1258.2470588235294,0.9999999999213489,0.6888738073936632,1320.0322346462287,23467.86859394448,1,Very High Value
10008,1.0,213.0,362.0,130.68,0.9999999981871035,0.17104796696547622,642.0642481373553,2834.300173677522,2,Medium Value
10009,4.0,566.0,567.0,409.75,0.9999999999934417,0.25002230810325604,511.68398519310955,3301.642326964396,0,High Value
10010,1.0,275.0,287.0,31.71,0.9999999999096347,0.20191504398313143,159.35603080176048,830.3986236085942,2,Medium Value
10011,6.0,584.0,631.0,301.62333333333333,0.9999999996083773,0.3079450581828749,347.8755427874786,2764.6908485451113,0,High Value
10012,2.0,136.0,651.0,67.98,0.9999999599923002,0.14612150123899517,113.62604968848898,428.4907713603404,3,Low Value
10013,11.0,700.0,728.0,269.41818181818184,0.999999999783088,0.4481834855439104,290.50014318415225,3360.09564371736,0,High Value
10014,9.0,586.0,664.0,341.0233333333333,0.9999999990862982,0.4086730775926063,374.18176633871883,3946.463478426074,0,High Value
10015,33.0,704.0,722.0,1044.1648484848486,0.9999999998338642,1.2272606447946046,1069.9695711054553,33888.915709384535,1,Very High Value
10016,5.0,686.0,707.0,264.108,0.9999999998566034,0.2440349020214109,314.2671181284483,1979.2485062012504,0,High Value
10017,6.0,656.0,700.0,73.89666666666666,0.9999999996553119,0.28230179335173733,85.36796487636165,621.9536261886648,0,High Value
10018,2.0,452.0,528.0,42.31,0.9999999993529867,0.17349392874640404,71.02132573728845,317.99661386582187,3,Low Value
10019,5.0,541.0,615.0,72.224,0.9999999993011843,0.2742271769955062,86.10707122391364,609.3948077532965,0,High Value
10020,22.0,671.0,700.0,1217.0149999999999,0.99999999971391,0.8615867162741251,1262.6858817512882,28076.55108052732,1,Very High Value
10021,32.0,684.0,724.0,1044.4209375,0.9999999993766686,1.1891956375058008,1071.0591252687138,32871.24792898542,1,Very High Value
10022,16.0,681.0,689.0,1009.21,0.9999999999451039,0.65302394572524,1062.038163820103,17898.5837773502,1,Very High Value
10023,2.0,365.0,421.0,108.375,0.9999999995216868,0.2072704703610389,180.66998517772717,966.4355139838315,2,Medium Value
10024,3.0,349.0,587.0,71.28333333333333,0.9999999952990088,0.20111221053615738,97.41945001956736,505.63083641568994,3,Low Value
10026,37.0,714.0,717.0,1197.5694594594595,0.9999999999799987,1.376427084409799,1223.8915982108417,43475.60178796376,1,Very High Value
10027,2.0,652.0,700.0,47.83,0.9999999996609716,0.13748056263453853,80.18291811012159,284.4936631639557,0,High Value
10028,4.0,704.0,726.0,302.14,0.9999999998523272,0.20350559310045876,377.3826192098327,1982.0184054021274,0,High Value
10029,2.0,557.0,576.0,108.19999999999999,0.9999999998692672,0.16167500105695187,180.37953614416813,752.626623725601,3,Low Value
10030,7.0,657.0,716.0,69.55142857142857,0.99999999948355,0.3124733967233531,78.6173189967126,633.9875315656176,0,High Value
10031,2.0,222.0,239.0,116.435,0.9999999998628943,0.3098886048451952,194.04723780907412,1551.895631653805,2,Medium Value
10033,21.0,709.0,720.0,1082.097142857143,0.999999999920332,0.8059288084367221,1124.7200374675128,23393.249432486504,1,Very High Value
10034,3.0,562.0,660.0,55.22,0.9999999991229807,0.18249561683465396,75.56487893929207,355.8949847013114,0,High Value
10035,25.0,674.0,707.0,927.9376000000001,0.9999999996285416,0.9620751198965828,958.4537682351774,23797.40444867657,1,Very High Value
10036,3.0,595.0,614.0,54.11000000000001,0.9999999998695677,0.19380010164257483,74.05469587854677,370.3872617926687,0,High Value
10037,11.0,640.0,662.0,310.3618181818182,0.9999999998318514,0.4855978779058063,334.6332784561436,4193.680569742538,0,High Value
10038,5.0,325.0,533.0,67.454,0.9999999937172273,0.308215028575065,80.43529335950268,639.8083447740545,3,Low Value
10039,2.0,611.0,649.0,119.96000000000001,0.9999999997325377,0.1464973302022482,199.89771119933442,755.7653393601067,0,High Value
10040,3.0,456.0,670.0,59.946666666666665,0.999999996850881,0.180210444416004,81.99562842919255,381.34679027932475,3,Low Value
10041,2.0,431.0,541.0,79.155,0.9999999989498338,0.17012565682235453,132.1732951171865,580.3138972287545,3,Low Value
10042,6.0,480.0,701.0,101.76,0.9999999942148738,0.2819615083769348,117.4868917149551,854.9263015686041,0,High Value
10043,4.0,631.0,688.0,79.28,0.9999999995523983,0.21297551560063274,99.24487715023723,545.490530443078,0,High Value
10044,5.0,665.0,724.0,88.884,0.9999999995250133,0.23916913202733134,105.91667693064035,653.7608550977419,0,High Value
10045,3.0,313.0,706.0,67.11333333333333,0.9999999845527647,0.17243723903073827,91.7460596021728,408.28922648145925,3,Low Value
10046,15.0,686.0,721.0,246.47400000000002,0.9999999996829882,0.5931177549130369,260.3354373121981,3984.9571224532356,0,High Value
10048,2.0,231.0,324.0,75.61,0.9999999989399451,0.2516913486518965,126.28962755166232,820.323983720636,2,Medium Value
10049,5.0,298.0,338.0,74.46799999999999,0.9999999996087809,0.4370211330699667,88.77530382930946,1001.2534945774489,2,Medium Value
10050,6.0,621.0,654.0,236.79333333333332,0.9999999997500804,0.29889488465492575,273.1439949846548,2106.9759506790106,0,High Value
10051,24.0,713.0,716.0,1051.04625,0.9999999999804565,0.9163039628638394,1087.0950015872272,25707.302187271136,1,Very High Value
10052,1.0,427.0,557.0,10.02,0.9999999988237758,0.12239864590319828,53.56699135537217,169.20894068674107,3,Low Value
10053,26.0,724.0,726.0,1014.6807692307692,0.9999999999871889,0.9757896836334017,1046.7221087470853,26359.49335822014,1,Very High Value
10054,2.0,316.0,363.0,115.94,0.999999999596318,0.2317242880808686,193.2256819712929,1155.542289944193,2,Medium Value
10055,8.0,656.0,697.0,255.87375,0.9999999996657152,0.3560013224563347,284.2392995633912,2611.4708021049178,0,High Value
10056,13.0,539.0,572.0,284.33230769230767,0.999999999684958,0.6336176550078783,302.93105937405403,4953.5951835908945,0,High Value
10057,5.0,549.0,630.0,71.462,0.9999999992147002,0.26880486559025635,85.20101362796372,591.0596687301571,0,High Value
10059,3.0,24.0,248.0,72.13000000000001,0.9999999767254214,0.3821414894990532,98.571361423259,972.130089634322,2,Medium Value
10061,2.0,499.0,500.0,202.805,0.9999999999932978,0.1812218477351585,337.39628368617537,1577.9756153478108,3,Low Value
10062,3.0,694.0,702.0,59.32333333333333,0.9999999999487947,0.17326765644322778,81.14756767135658,362.86279966796593,0,High Value
10063,7.0,627.0,630.0,287.62857142857143,0.9999999999804705,0.3478971197574533,324.6338297423781,2914.701251184968,0,High Value
10064,5.0,616.0,645.0,66.88199999999999,0.9999999997884372,0.26359282801997086,79.75515563655864,542.5525329689677,0,High Value
10066,7.0,610.0,667.0,293.86857142857144,0.9999999994884958,0.3317180504717534,331.6732792093889,2839.4160174476524,0,High Value
10067,2.0,413.0,487.0,147.54,0.9999999993547481,0.18504877128223132,245.67247888823624,1173.2542946924373,3,Low Value
10068,3.0,341.0,459.0,69.32333333333332,0.999999998556911,0.2449209616279273,94.75282047086392,598.9182419924175,3,Low Value
10069,7.0,675.0,728.0,199.23,0.9999999995567284,0.3080960366473286,224.90990722196568,1788.315484415251,0,High Value
10070,4.0,445.0,670.0,72.75,0.9999999957041648,0.21777581764986742,91.09518920422109,511.98181328768794,3,Low Value
10071,21.0,630.0,654.0,933.6061904761905,0.9999999997776998,0.8738955497975309,970.386691110275,21885.365209735883,1,Very High Value
10072,11.0,718.0,719.0,259.89909090909094,0.9999999999937406,0.4529423510211913,280.2395175028827,3275.8329393260005,0,High Value
10073,4.0,561.0,567.0,86.585,0.9999999999597811,0.25002230809484066,108.36179452323078,699.2047782708156,3,Low Value
10074,4.0,716.0,721.0,97.1625,0.9999999999684017,0.2047032374694201,121.56291615400961,642.2073326776913,0,High Value
10076,1.0,352.0,382.0,56.730000000000004,0.9999999997712483,0.1643481882458502,281.38654103452376,1193.4869663924378,2,Medium Value
10077,2.0,475.0,500.0,56.28,0.9999999998187128,0.1812218477035201,94.20745715911437,440.6007930227359,3,Low Value
10078,3.0,484.0,647.0,53.91,0.9999999980554364,0.1855544345713771,73.78259082255661,353.3252525673382,3,Low Value
10079,13.0,601.0,633.0,1121.0523076923077,0.999999999713417,0.5828688608864707,1194.150448672601,17963.01941705681,1,Very High Value
10080,9.0,573.0,654.0,262.87,0.9999999990131212,0.41389501737359247,288.45631004561875,3081.1985220391894,0,High Value
10081,12.0,676.0,691.0,310.47166666666664,0.9999999998926912,0.5050189494845659,332.58479870750455,4334.704617102289,0,High Value
10082,13.0,577.0,620.0,338.7330769230769,0.9999999995571702,0.592990710033656,360.8751987889328,5522.737033788685,0,High Value
10083,2.0,313.0,315.0,29.805,0.9999999999855982,0.2567977113159558,50.266667653542356,333.13532203874286,2,Medium Value
10084,19.0,695.0,699.0,902.9326315789474,0.9999999999736751,0.753880609405849,942.4143890370007,18335.54909594692,1,Very High Value
10085,11.0,633.0,722.0,315.8036363636364,0.9999999987779185,0.4513448726820669,340.4990128967969,3966.192686807433,0,High Value
10086,4.0,658.0,710.0,391.2825,0.9999999996050533,0.2073883252726236,488.63584397671553,2615.2852539628143,0,High Value
10087,9.0,627.0,718.0,65.98666666666666,0.9999999988813706,0.3826062890354591,72.49733725913231,715.8525875596222,0,High Value
10088,1.0,408.0,506.0,50.13,0.9999999991562774,0.13223516393216667,249.19623857504183,850.4286439253408,3,Low Value
10089,5.0,549.0,682.0,70.334,0.9999999983518906,0.2515611956469074,83.85976301348666,544.435856342711,0,High Value
10090,2.0,350.0,682.0,124.17,0.9999999933920884,0.14053339464946807,206.8850850923829,750.3401024845047,3,Low Value
10091,1.0,166.0,642.0,41.74,0.9999999857461166,0.10889776240266959,208.27553590306405,585.3379141922854,3,Low Value
10092,6.0,512.0,515.0,63.21,0.9999999999796829,0.36344722484965036,73.0491134055481,685.1816843533189,3,Low Value
10093,24.0,698.0,709.0,1184.5674999999999,0.9999999999181961,0.9239616372161704,1225.1904879705908,29215.074297917185,1,Very High Value
10094,2.0,218.0,481.0,51.53,0.9999999939820348,0.18687009317742506,86.32384053394092,416.3130213199795,2,Medium Value
10095,1.0,272.0,331.0,102.35999999999999,0.999999999485897,0.1825849495815865,503.93858667485097,2374.6085566570237,2,Medium Value
10096,6.0,657.0,712.0,60.51833333333334,0.9999999995460194,0.27827182648071425,69.94634591874775,502.32374619915504,0,High Value
10097,5.0,230.0,558.0,56.534000000000006,0.9999999640626012,0.29699263658913544,67.45084592148015,516.9904508508977,3,Low Value
10098,4.0,688.0,725.0,102.4225,0.9999999997370903,0.203743999515452,128.12759587775312,673.7161271806222,0,High Value
10099,1.0,28.0,67.0,37.84,0.9999999995762636,0.42900880962846244,189.25399354064294,2095.36990351939,2,Medium Value
10100,4.0,418.0,606.0,66.4425,0.9999999967821656,0.2367487344963946,83.22318970659522,508.488882703761,3,Low Value
10101,17.0,688.0,709.0,275.80117647058825,0.9999999998318487,0.6732476365950711,289.39055817649114,5028.1547336718695,0,High Value
10102,3.0,154.0,700.0,61.586666666666666,0.9999999063992676,0.17368585411599793,84.22688988831175,377.5414610203882,3,Low Value
10103,14.0,670.0,706.0,273.11857142857144,0.9999999996741555,0.5678325444006834,289.6337741601794,4244.425570415016,0,High Value
10104,2.0,445.0,556.0,90.92999999999999,0.9999999989509871,0.16639814321678134,151.71636580380067,651.5238913065712,3,Low Value
10105,2.0,215.0,372.0,73.41,0.9999999975815093,0.22755831451158098,122.6382682726346,720.2249408738604,2,Medium Value
10106,22.0,709.0,712.0,1221.7386363636363,0.9999999999804978,0.8492872342490554,1267.5866056176076,27783.1623421249,1,Very High Value
10107,2.0,217.0,659.0,101.47,0.999999981978665,0.144637298670256,169.20969616786977,631.6187105108727,3,Low Value
10108,7.0,621.0,680.0,240.9257142857143,0.9999999994690092,0.3263850142162661,271.9475472388256,2290.681958284491,0,High Value
10110,11.0,684.0,703.0,190.1590909090909,0.9999999998616023,0.46165688887368705,205.0667891566961,2443.2285294260787,0,High Value
10111,5.0,651.0,712.0,62.26800000000001,0.9999999995003297,0.2425833635071715,74.26886987840517,464.96179352764983,0,High Value
10112,19.0,677.0,693.0,1040.2378947368422,0.9999999998759244,0.7593860143566332,1085.715438295723,21277.864882663234,1,Very High Value
10113,5.0,513.0,554.0,64.194,0.9999999996638516,0.29873298855001584,76.55898395950695,590.2401981436769,3,Low Value
10114,8.0,562.0,675.0,236.45,0.9999999983549639,0.3657474060619116,262.6724240516552,2479.391886193736,0,High Value
10115,4.0,410.0,533.0,45.307500000000005,0.9999999984276182,0.2628709449088599,56.845907204443435,385.64812745143206,3,Low Value
10117,3.0,514.0,676.0,70.65333333333334,0.9999999981425531,0.1788666064692989,96.56231909319841,445.7449112884467,0,High Value
10118,3.0,601.0,717.0,69.75333333333333,0.9999999989381221,0.1701941097914465,95.33784634124274,418.754321249918,0,High Value
10119,4.0,257.0,550.0,54.6125,0.9999999858949473,0.2562856856352763,68.45890051802385,452.7971753378966,3,Low Value
10120,16.0,646.0,666.0,267.40625,0.9999999998396734,0.6719257874662986,281.4504596481595,4880.594320243767,0,High Value
10121,6.0,662.0,728.0,290.83166666666665,0.9999999994277633,0.2730741744133314,335.4356545664059,2363.955470943222,0,High Value
10122,5.0,698.0,727.0,321.904,0.9999999997966889,0.23833053828268114,382.98956539291265,2355.6788056950386,0,High Value
10123,4.0,453.0,586.0,71.655,0.9999999983259011,0.2433747117440241,89.72858762674977,563.5801922515395,3,Low Value
10124,3.0,594.0,612.0,59.5,0.9999999998767652,0.19432345585175537,81.38792713748121,408.1639572894351,0,High Value
10125,23.0,602.0,696.0,1144.3717391304347,0.9999999962714652,0.9021470222687268,1185.3851157431975,27598.54767451546,1,Very High Value
10126,1.0,348.0,418.0,90.53999999999999,0.9999999994081605,0.1535240929545494,446.28868136105154,1768.2426094889602,2,Medium Value
10127,3.0,541.0,657.0,108.15000000000002,0.99999999888205,0.18319251269376388,147.57748200708446,697.7137062321747,0,High Value
10128,5.0,507.0,605.0,81.13000000000001,0.9999999989219275,0.2779652393900076,96.69676800807379,693.668361415973,3,Low Value
10129,25.0,708.0,722.0,1258.8247999999999,0.9999999998903994,0.9451094551622464,1300.208344180284,31713.523444144437,1,Very High Value
10130,22.0,687.0,722.0,1032.9195454545454,0.9999999996256734,0.839302758801912,1071.6887519304646,23213.29348231023,1,Very High Value
10131,3.0,624.0,727.0,51.43000000000001,0.999999999107702,0.16820494946223644,70.4084881282788,305.6421378160173,0,High Value
10132,2.0,401.0,714.0,97.86,0.9999999946552922,0.13519631073271435,163.21814753273793,569.4855699507289,3,Low Value
10133,11.0,497.0,535.0,338.4045454545454,0.9999999996240709,0.5785306784711954,364.86052708474875,5447.568674701591,3,Low Value
10135,3.0,357.0,658.0,73.21,0.9999999926175147,0.1829596222792959,100.04072872560577,472.3691652939209,3,Low Value
10136,5.0,449.0,580.0,86.716,0.9999999981452452,0.2877719772259622,103.33881227444685,767.4699950948648,3,Low Value
10137,7.0,543.0,675.0,71.93857142857142,0.9999999979633396,0.3284157619189846,81.31029520078197,689.1582652822442,0,High Value
10138,7.0,550.0,609.0,348.7871428571429,0.9999999994360842,0.3578018949902203,393.6278478587242,3634.778002194649,0,High Value
10139,6.0,649.0,712.0,432.59666666666664,0.9999999994564557,0.2782718264557911,498.85255838049363,3582.538624610472,0,High Value
10141,9.0,580.0,632.0,331.54777777777775,0.9999999994984312,0.42586661516353935,363.7881428170441,3998.2649937644705,0,High Value
10142,25.0,694.0,728.0,1240.2228,0.9999999996185676,0.93848955628345,1280.995396016285,31026.04741811403,1,Very High Value
10143,15.0,611.0,710.0,203.556,0.9999999978797349,0.6008976664188468,215.0155774721901,3334.416768199585,0,High Value
10144,6.0,522.0,679.0,320.75166666666667,0.9999999974138596,0.28964240745732395,369.92536473547096,2765.19458819708,0,High Value
10145,9.0,489.0,676.0,160.91333333333333,0.9999999933209296,0.40257808465478206,176.62126220645405,1835.0273956168048,0,High Value
10146,6.0,609.0,630.0,263.01666666666665,0.9999999998494344,0.3083509927363718,303.37244305729683,2414.187066070963,0,High Value
10147,15.0,661.0,727.0,312.86333333333334,0.9999999991317206,0.5889584814138085,330.44017848229555,5022.58120744419,0,High Value
10148,18.0,715.0,717.0,1087.2666666666667,0.9999999999872695,0.7023557163449123,1137.5604744509153,20619.638834893325,1,Very High Value
10149,4.0,230.0,541.0,107.78750000000001,0.9999999809830137,0.2597303443600297,134.82331958837742,903.7267683910413,3,Low Value
10150,4.0,505.0,539.0,56.6625,0.9999999997369455,0.260508441856847,71.01737835712541,477.4587715203141,3,Low Value
10151,3.0,359.0,427.0,49.50666666666666,0.9999999993477937,0.25902708293354015,67.79174450650687,453.18071833930804,2,Medium Value
10152,24.0,656.0,662.0,905.2025,0.9999999999580138,0.9788892480007465,936.2548649631037,23652.50182402497,1,Very High Value
10153,9.0,647.0,723.0,266.5111111111111,0.9999999991801161,0.38035991298000577,292.4502012605024,2870.754821590841,0,High Value
10154,1.0,287.0,514.0,72.39,0.9999999970342608,0.13058893196022867,357.7653495974763,1205.7411549170993,3,Low Value
10155,5.0,652.0,652.0,80.876,1.0,0.26122909327851107,96.39474880942382,649.8668110056672,0,High Value
10156,5.0,519.0,609.0,74.468,0.9999999990611619,0.27645785166439574,88.77530382930948,633.3890267461932,3,Low Value
10157,6.0,533.0,693.0,308.36833333333334,0.9999999973698814,0.2847069701801212,355.65071307793124,2613.191412947964,0,High Value
10158,1.0,335.0,337.0,19.98,0.9999999999857507,0.18023209020342312,102.14508415786307,475.11531388860334,2,Medium Value
10159,10.0,594.0,663.0,283.183,0.9999999992118536,0.44708688992665735,307.7439904334816,3550.8387849002193,0,High Value
10160,12.0,652.0,681.0,372.50500000000005,0.9999999997621354,0.51125677167739,399.01924413108435,5264.805771871244,0,High Value
10161,1.0,210.0,575.0,41.96,0.9999999924321538,0.11926738983480374,209.3485459850468,644.3785906458974,3,Low Value
10162,3.0,260.0,449.0,63.339999999999996,0.9999999962099277,0.24916122521224368,86.61234421249203,556.9416406756477,2,Medium Value
10163,10.0,559.0,589.0,224.065,0.9999999997462599,0.4931906676426608,243.5204131572259,3099.557240059713,0,High Value
10164,5.0,589.0,616.0,368.06,0.9999999998020768,0.2738588930767939,437.87144780585857,3094.7310659519485,0,High Value
10166,14.0,657.0,707.0,321.6892857142857,0.999999999469751,0.5671529999445811,341.128542770925,4993.0708849306875,0,High Value
10167,23.0,657.0,666.0,1060.8673913043478,0.9999999999342033,0.9362071129559129,1098.8912024219123,26550.705885752213,1,Very High Value
10168,10.0,633.0,689.0,285.937,0.9999999994475111,0.4328694874081128,310.7358327119553,3471.3447738192817,0,High Value
10169,4.0,319.0,477.0,52.012499999999996,0.9999999971228084,0.2871783810545587,65.21400179526091,483.3280863521535,3,Low Value
10170,26.0,608.0,676.0,1025.7988461538462,0.9999999981455892,1.0364272802909356,1058.190850980667,28304.29076628674,1,Very High Value
10171,5.0,686.0,704.0,67.324,0.9999999998785543,0.24491419323055874,80.28071660428813,507.42824000955125,0,High Value
10172,4.0,522.0,563.0,32.3525,0.9999999996764863,0.2514683432572165,40.677575299291945,263.990207371239,3,Low Value
10173,8.0,565.0,629.0,63.02,0.9999999993455673,0.3879546499538472,70.10697093367438,701.9264435118469,0,High Value
10174,5.0,431.0,490.0,69.94800000000001,0.9999999994297999,0.3296393423406407,83.40078895569576,709.5101895615015,3,Low Value
10175,13.0,672.0,726.0,300.58923076923077,0.999999999433486,0.519439993501636,320.2468699875076,4293.08727238858,0,High Value
10176,25.0,718.0,719.0,1214.7064,0.9999999999936884,0.9484545500062034,1254.640957217668,30710.396531531253,1,Very High Value
10177,31.0,726.0,728.0,918.5654838709677,0.9999999999871221,1.1486207299124627,942.773181307943,27946.878628423336,1,Very High Value
10178,7.0,569.0,713.0,252.33142857142857,0.9999999977023466,0.31358724064336674,284.8145263012373,2304.994844281968,0,High Value
10179,1.0,535.0,654.0,42.51,0.9999999990262667,0.10722799620449804,212.0310711900036,586.7554560864147,0,High Value
10180,13.0,641.0,681.0,341.87307692307695,0.9999999996238795,0.5483117510079302,364.21972130829107,5153.9529565269,0,High Value
10181,10.0,537.0,675.0,307.257,0.9999999967854558,0.44041069339931427,333.8970808517735,3795.07109761676,0,High Value
10182,4.0,544.0,590.0,596.4025,0.9999999996344886,0.2420200108449315,744.6333924433054,4650.966623110513,0,High Value
10183,2.0,473.0,697.0,130.065,0.9999999972507632,0.1379801235861974,216.66906825141393,771.5478835717944,0,High Value
10184,18.0,710.0,719.0,1276.0711111111111,0.9999999999376714,0.7006984504744297,1335.0887474758779,24142.972051251156,1,Very High Value
10185,26.0,718.0,726.0,982.5834615384616,0.9999999999432727,0.9757896835905532,1013.6124486087415,25525.696249713936,1,Very High Value
10186,19.0,541.0,588.0,1019.0105263157895,0.9999999993292026,0.8706540360887587,1063.561122446663,23897.777330959154,1,Very High Value
10187,2.0,609.0,710.0,100.52,0.9999999991790016,0.1358411720905719,167.63297284283507,587.6791814770106,0,High Value
10188,3.0,360.0,633.0,106.85333333333334,0.999999994004285,0.18896532602313304,145.813334227415,711.0969254434603,3,Low Value
10189,12.0,598.0,641.0,243.755,0.9999999995801423,0.5378290998864319,261.13474899482605,3624.5859477486533,0,High Value
10190,21.0,676.0,710.0,1118.76,0.9999999996466906,0.8155391268620754,1162.8253990343117,24474.213830993696,1,Very High Value
10191,9.0,670.0,724.0,256.75111111111113,0.9999999995103992,0.3799137995262014,281.74457403085995,2762.4222828375773,0,High Value
10192,19.0,720.0,726.0,828.9347368421053,0.9999999999599178,0.7300629275435777,865.1851866390426,16301.171239709915,1,Very High Value
10193,2.0,478.0,544.0,99.18,0.9999999994635287,0.16936685366926071,165.40896310015458,722.9976702003302,3,Low Value
10194,3.0,411.0,627.0,113.60333333333331,0.9999999965429014,0.19046582977162374,154.9968798670824,761.8850781276387,3,Low Value
10195,4.0,661.0,662.0,270.8625,0.9999999999936486,0.21997944795676103,338.3471115939798,1920.8525131047425,0,High Value
10196,8.0,639.0,692.0,50.83125,0.999999999528393,0.3581704544013519,56.57337140249875,522.9392714294702,0,High Value
10197,13.0,653.0,719.0,344.79999999999995,0.9999999992037738,0.52372980760533,367.3372882328765,4965.028510413627,0,High Value
10198,4.0,522.0,566.0,67.75750000000001,0.9999999996484119,0.25038225547448134,84.86435963753111,548.3758552295965,3,Low Value
10199,4.0,490.0,673.0,109.48750000000001,0.9999999973006806,0.2169607966591474,136.94498413787625,766.7906981922395,0,High Value
10200,8.0,614.0,716.0,279.1625,0.9999999987195387,0.3479928414977911,310.0976210550673,2784.955010281605,0,High Value
10201,5.0,528.0,637.0,45.86,0.9999999987640884,0.2663471657402039,54.758905266402046,376.402306364079,0,High Value
10202,4.0,454.0,492.0,222.5075,0.9999999996909748,0.28023732208354546,277.99823554044053,2010.561919288439,3,Low Value
10203,11.0,650.0,653.0,333.0872727272727,0.9999999999804774,0.49118940477307266,359.1290401580229,4552.489512651205,0,High Value
10204,22.0,689.0,722.0,1105.148181818182,0.999999999658802,0.8393027588297024,1146.6252150299397,24836.453292658425,1,Very High Value
10205,6.0,414.0,689.0,246.57166666666663,0.9999999876977425,0.28609984538504313,284.41578250481433,2100.0070572194154,3,Low Value
10206,2.0,328.0,364.0,49.870000000000005,0.9999999997060394,0.23125388489150353,83.5687239870382,498.7492402319332,2,Medium Value
10207,8.0,464.0,520.0,79.08624999999999,0.9999999993999906,0.45315130269865805,87.94589563618696,1028.509358721084,3,Low Value
10208,3.0,508.0,536.0,55.98,0.9999999997939053,0.2165449567911678,76.59887815205462,428.0750555823022,3,Low Value
10209,2.0,267.0,469.0,29.63,0.9999999967222568,0.19062245629471009,49.976218619983335,245.85944281939436,2,Medium Value
10210,6.0,427.0,666.0,79.85166666666666,0.9999999918774106,0.29438103454933995,92.23247771248406,700.7177870090024,3,Low Value
10211,23.0,620.0,623.0,1163.651304347826,0.9999999999797786,0.9897681675635299,1205.354914756036,30789.161673950923,1,Very High Value
10212,8.0,483.0,485.0,373.135,0.9999999999863469,0.4789989141890318,414.4386061391326,5123.233761936538,3,Low Value
10213,24.0,681.0,706.0,1188.1958333333334,0.9999999997625868,0.9272828197212739,1228.943122524474,29409.89242241261,1,Very High Value
10214,8.0,646.0,710.0,108.7525,0.9999999993928812,0.35048263144661085,120.88538057859196,1093.4268193395512,0,High Value
10215,3.0,632.0,727.0,83.71,0.999999999200043,0.16820494947776884,114.32624416508848,496.2884249787757,0,High Value
10216,28.0,610.0,645.0,1130.465,0.9999999995191746,1.1555176617166671,1163.534172605563,34698.05808981516,1,Very High Value
10217,1.0,103.0,181.0,53.58,0.9999999990987354,0.27104442404692064,266.0229875879528,1860.8402130820666,2,Medium Value
10218,2.0,422.0,476.0,110.03,0.9999999995600324,0.18841547700570335,183.41680318081393,891.8773459340424,3,Low Value
10219,6.0,710.0,717.0,56.18,0.9999999999550035,0.276626431236061,64.94541479296363,463.65143451243125,0,High Value
10220,3.0,532.0,645.0,172.65333333333334,0.9999999989124522,0.1860341466389312,235.3358976481733,1129.8746997995097,0,High Value
10221,8.0,565.0,586.0,260.53625,0.9999999998412781,0.4112989939758302,289.4162379544573,3072.062026797933,0,High Value
10222,19.0,644.0,713.0,982.9536842105263,0.9999999988087547,0.7413399350178932,1025.9297659508925,19628.380354932495,1,Very High Value
10223,7.0,713.0,714.0,274.1871428571429,0.9999999999937452,0.31321507860122366,309.4703269870886,2501.5610960064105,0,High Value
10224,23.0,621.0,677.0,1155.17,0.9999999990178394,0.923423871470008,1196.5699685561074,28516.001903647164,1,Very High Value
10225,3.0,275.0,442.0,88.45,0.9999999971003386,0.25221784086804006,120.77513399205498,786.1452060535526,2,Medium Value
10226,23.0,654.0,657.0,959.8760869565218,0.9999999999800475,0.9469323936321983,994.2842765327728,24298.473126543788,1,Very High Value
10227,3.0,309.0,556.0,87.85000000000001,0.9999999944007536,0.2102188530359775,119.95881882408455,650.808598141765,3,Low Value
10229,3.0,220.0,369.0,91.67,0.9999999972812101,0.28921867319954264,125.15602539349635,934.1734734532719,2,Medium Value
10230,11.0,652.0,717.0,222.5490909090909,0.9999999992922928,0.45401363305442766,239.97996195757048,2811.8575355164417,0,High Value
10231,2.0,220.0,655.0,70.455,0.999999982837748,0.14537561355153236,117.73382887739513,441.7151222971965,3,Low Value
10232,5.0,513.0,534.0,75.93199999999999,0.9999999998444935,0.3077498759105427,90.51607590341798,718.9075479091489,3,Low Value
10233,26.0,702.0,722.0,1042.8126923076923,0.9999999998236888,0.9803783538095695,1075.7413156239963,27217.673588159058,1,Very High Value
10234,6.0,703.0,709.0,356.71166666666664,0.9999999999615086,0.27926849292347894,411.3775698718205,2964.913234626756,0,High Value
10235,4.0,587.0,590.0,99.69749999999999,0.999999999980314,0.24202001092862713,124.72669240870347,779.0406520731333,0,High Value
10236,17.0,675.0,688.0,992.2423529411766,0.9999999999046327,0.6905609669113751,1040.978150402087,18552.10013375224,1,Very High Value
10237,18.0,680.0,710.0,1180.7722222222221,0.9999999997252449,0.7082183972269814,1235.3865132471753,22579.769224819644,1,Very High Value
10238,10.0,703.0,717.0,257.37199999999996,0.9999999999036293,0.41853619290995503,279.7038883820347,3021.2103401985614,0,High Value
10239,29.0,655.0,719.0,1151.6996551724137,0.999999998319963,1.0900294621775264,1184.1948779155784,33312.77824215372,1,Very High Value
10241,7.0,643.0,710.0,416.82714285714286,0.9999999993800617,0.31470905488807854,470.38492185478424,3820.428443003159,0,High Value
10242,3.0,673.0,674.0,28.723333333333333,0.9999999999936777,0.1793123204079665,39.51549410486411,182.8634825057007,0,High Value
10243,4.0,502.0,567.0,54.875,0.9999999994240332,0.2500223079608914,68.78651048522589,443.8451485386514,3,Low Value
10244,5.0,654.0,654.0,104.43199999999999,1.0,0.2605615070454811,124.404056854301,836.5544995308397,0,High Value
10245,3.0,590.0,590.0,53.589999999999996,1.0,0.20027262047974914,73.34722273297237,379.10079347647115,0,High Value
10246,2.0,389.0,446.0,33.42,0.999999999520212,0.1982525596257448,56.26651483249015,287.88448346325896,3,Low Value
10247,12.0,471.0,689.0,267.57666666666665,0.9999999779711808,0.5062542958663624,286.64650419201104,3745.1120004385357,0,High Value
10249,4.0,562.0,564.0,61.6925,0.9999999999868125,0.2511052686674296,77.2950093477014,500.9065585491572,3,Low Value
10250,1.0,143.0,182.0,42.28,0.9999999996434357,0.2701717982244008,210.9092879224762,1470.568156547523,2,Medium Value
10252,9.0,618.0,654.0,269.38222222222225,0.9999999997010178,0.413895017658307,295.5994886878016,3157.499685629635,0,High Value
10253,8.0,506.0,666.0,280.6575,0.9999999963152086,0.3698899857042163,311.7575723461437,2976.0417768286234,0,High Value
10254,3.0,418.0,636.0,72.03333333333335,0.9999999965303676,0.18822390588350627,98.43984397953044,478.1841061691333,3,Low Value
10255,19.0,547.0,607.0,1047.457894736842,0.9999999989355279,0.8481659287669429,1093.2507180938337,23930.404127646612,1,Very High Value
10256,5.0,717.0,721.0,37.416,0.9999999999747526,0.2400136481630275,44.718550489235156,276.9957432132562,0,High Value
10257,11.0,688.0,701.0,279.17454545454547,0.9999999999098232,0.46276984105090246,301.01652507808654,3595.04908948117,0,High Value
10258,24.0,663.0,666.0,1122.2954166666666,0.9999999999800788,0.9739615880614625,1160.7850571045524,29177.164024092865,1,Very High Value
10259,17.0,592.0,713.0,846.8952941176472,0.9999999955073644,0.6700478171345479,888.5008088338599,15364.310070191126,1,Very High Value
10260,21.0,665.0,679.0,995.8366666666667,0.999999999891567,0.8468435711838103,1035.0656327015513,22621.45436202952,1,Very High Value
10262,6.0,580.0,707.0,154.08,0.9999999983754726,0.2799369125115155,177.797775272625,1284.5053865428788,0,High Value
10263,4.0,632.0,701.0,93.1075,0.9999999994348718,0.20963817745583854,116.50212218446974,630.3092068218355,0,High Value
10264,6.0,527.0,530.0,92.83666666666666,0.9999999999797955,0.35516959975259615,107.20068916119092,982.6136709149513,3,Low Value
10265,18.0,677.0,707.0,1243.6461111111112,0.9999999997245752,0.7107610436890442,1301.1655298753567,23867.427110547032,1,Very High Value
10266,3.0,321.0,515.0,73.38333333333333,0.9999999965813491,0.22361050773692462,100.2765531074639,578.6834257871749,3,Low Value
10267,5.0,655.0,670.0,67.032,0.9999999998987397,0.25534119216143003,79.93351343103697,526.7435462181923,0,High Value
10269,19.0,674.0,727.0,1331.2484210526316,0.9999999993110533,0.729209658860429,1389.4336848310365,26148.072173501416,1,Very High Value
10270,5.0,638.0,712.0,76.426,0.9999999993541038,0.24258336347169862,91.1034675732333,570.3551399475533,0,High Value
10271,11.0,520.0,667.0,56.26727272727273,0.999999995532834,0.48254613423248016,60.74483223156264,756.4802893721553,0,High Value
10272,27.0,718.0,719.0,988.4451851851852,0.999999999993681,1.0192420070040675,1018.4679113969777,26790.08574856724,1,Very High Value
10273,27.0,719.0,728.0,1086.3003703703705,0.9999999999347726,1.0085332810042362,1119.291681879033,29132.848440861177,1,Very High Value
10274,2.0,589.0,646.0,91.595,0.999999999575973,0.1470647037535701,152.82007213132496,580.0137533548562,0,High Value
10275,22.0,674.0,715.0,1167.2618181818182,0.9999999995097026,0.8462670368674803,1211.067470258244,26449.97116084548,1,Very High Value
10276,4.0,468.0,499.0,53.4225,0.9999999997581299,0.2771117056177316,66.97373533337468,478.9705728356135,3,Low Value
10277,12.0,643.0,683.0,266.21750000000003,0.9999999996349369,0.5099969099456143,285.19090800063736,3753.6403558552315,0,High Value
10279,2.0,539.0,703.0,149.32,0.9999999983755772,0.13698460547874383,248.62676048672228,878.9599232040842,0,High Value
10280,14.0,651.0,704.0,1235.8292857142858,0.9999999994159188,0.569196529916869,1310.3016025064774,19247.882326044128,1,Very High Value
10281,23.0,670.0,679.0,941.9613043478261,0.9999999999346381,0.9211370596246523,975.7281211412792,23195.43471348289,1,Very High Value
10282,4.0,523.0,561.0,104.9825,0.999999999704094,0.2521976515662492,131.32257308170432,854.731797208058,3,Low Value
10283,5.0,567.0,611.0,69.30199999999999,0.9999999996467217,0.2757102722158033,82.63266138747572,587.9685904440252,0,High Value
10284,1.0,117.0,293.0,97.96,0.999999997111575,0.19904154276450758,482.47838503519637,2478.3978852208543,2,Medium Value
10285,11.0,586.0,654.0,360.79,0.9999999991801809,0.4905617727481658,388.98980287269484,4924.717901980897,0,High Value
10286,16.0,698.0,713.0,357.39125,0.9999999998897557,0.6344017621967845,376.14017314706314,6158.33825992476,0,High Value
10287,24.0,714.0,727.0,1001.34125,0.9999999999010676,0.9045236310703398,1035.6871833509156,24176.75215120569,1,Very High Value
10288,2.0,287.0,403.0,101.97,0.9999999986662145,0.2142885548178925,170.03955054946698,940.369128477372,2,Medium Value
10289,18.0,653.0,712.0,1167.543888888889,0.9999999991754389,0.7065333817683858,1221.5469564188363,22273.696148044794,1,Very High Value
10290,9.0,590.0,664.0,347.20222222222225,0.9999999991633242,0.40867307762408345,380.9593156356271,4017.9457185977326,0,High Value
10291,5.0,669.0,709.0,74.02000000000001,0.9999999997026701,0.2434522070642012,88.24260854980088,554.4233247788087,0,High Value
10292,4.0,487.0,618.0,97.1425,0.9999999984378083,0.23294354445746493,121.53795539460376,730.6544679894554,3,Low Value
10293,15.0,578.0,648.0,284.6773333333333,0.9999999989071384,0.6488699586219261,300.67677922206747,5035.087198656628,0,High Value
10294,6.0,625.0,706.0,226.38,0.9999999992214077,0.28027232408291347,261.1402233081665,1888.8758974700536,0,High Value
10295,2.0,65.0,148.0,73.435,0.9999999986856614,0.41183751559100595,122.67976099171447,1303.911949370308,2,Medium Value
10296,5.0,671.0,674.0,88.25,0.9999999999808413,0.25406863442593997,105.16281798597859,689.5451488376003,0,High Value
10297,8.0,544.0,641.0,410.22875,0.999999998709056,0.38190552201337036,455.6251066096112,4490.6894639045495,0,High Value
10298,1.0,200.0,556.0,84.76,0.9999999925536249,0.12257743165686844,418.09778011623257,1322.6283214458354,3,Low Value
10299,2.0,639.0,694.0,91.69999999999999,0.9999999996030329,0.13848332893349147,152.99434155146037,546.792189802064,0,High Value
10300,3.0,226.0,673.0,288.15999999999997,0.9999999682306803,0.17953600554596574,392.48563765101613,1818.5479911762316,3,Low Value
10301,4.0,486.0,668.0,367.38,0.999999997309357,0.2183225759415438,458.80461639177656,2585.0911735524564,0,High Value
10302,7.0,344.0,368.0,84.70857142857143,0.9999999997888427,0.5314404453702003,95.71634803631531,1312.7745914555826,2,Medium Value
10304,34.0,678.0,697.0,938.7244117647059,0.9999999998140858,1.3007598496426511,961.227627616209,32268.05636844611,1,Very High Value
10305,5.0,583.0,646.0,64.99,0.9999999994539504,0.26325253593979125,77.50546932220529,526.5678663043042,0,High Value
10306,1.0,488.0,515.0,62.24,0.9999999998085216,0.13038603090596285,308.2605662696367,1037.2859033565799,3,Low Value
10307,5.0,551.0,641.0,324.552,0.9999999990911181,0.2649628390611719,386.13817499143687,2640.445130842447,0,High Value
10308,5.0,724.0,728.0,84.204,0.9999999999748124,0.2380523123492907,100.3519137429164,616.5204722677316,0,High Value
10310,23.0,649.0,703.0,1162.1521739130435,0.9999999991304007,0.8945532658081223,1203.8021134797068,27791.420538714072,1,Very High Value
10311,13.0,604.0,646.0,307.17615384615385,0.999999999583256,0.5730867552250033,327.2628294028101,4840.235484862963,0,High Value
10312,14.0,702.0,727.0,273.8364285714286,0.9999999998018152,0.5538956874560091,290.39484774146445,4151.12995441111,0,High Value
10313,4.0,378.0,457.0,82.005,0.9999999991554254,0.29698625600327677,102.64578061928684,786.7321392758096,3,Low Value
10314,2.0,258.0,405.0,104.8,0.9999999980089733,0.21348538591287583,174.73652634930716,962.7228674743092,2,Medium Value
10315,11.0,524.0,589.0,291.67727272727274,0.9999999991749604,0.5349962335566059,314.4932116404494,4342.216157966793,0,High Value
10316,5.0,531.0,616.0,53.178,0.9999999991453545,0.2738588928969436,63.460387533018256,448.5171015623764,0,High Value
10317,4.0,508.0,631.0,61.2975,0.9999999986172361,0.22895692651323,76.80203434943549,453.81197258126656,3,Low Value
10318,3.0,347.0,563.0,68.39999999999999,0.9999999960686599,0.2080911561647133,93.49660212904274,502.1100221916192,3,Low Value
10319,6.0,625.0,656.0,221.54166666666666,0.9999999997680875,0.29813298836405117,255.56292670495816,1966.3341656708023,0,High Value
10320,10.0,557.0,627.0,270.43899999999996,0.9999999991567523,0.4683877926277056,293.89938694877975,3552.6603323627023,0,High Value
10321,11.0,483.0,523.0,305.5309090909091,0.9999999995899045,0.5891848913791164,329.4260427699373,5009.091556605984,3,Low Value
10322,2.0,109.0,507.0,109.8,0.9999999751034709,0.1792260324081189,183.0350701652792,846.6128183452338,2,Medium Value
10323,24.0,665.0,686.0,1040.43375,0.9999999998114069,0.9500491824503039,1076.1189333640532,26384.921112060918,1,Very High Value
10325,22.0,658.0,707.0,1199.9263636363637,0.9999999993155786,0.8543690869395842,1244.956598287636,27450.43155342082,1,Very High Value
10326,7.0,431.0,652.0,340.5214285714286,0.9999999916835846,0.3380922741985637,384.30315586785315,3353.1936617020165,3,Low Value
10327,4.0,706.0,718.0,58.8925,0.9999999999221247,0.20542861433402734,73.80050303087977,391.2638263127661,0,High Value
10328,2.0,368.0,495.0,60.365,0.9999999986365253,0.18267485890412527,100.98736745676354,476.096808951476,3,Low Value
10329,26.0,616.0,660.0,1051.1434615384615,0.9999999993123274,1.0574552712200178,1084.3348381887515,29592.036682844275,1,Very High Value
10330,6.0,483.0,664.0,298.71666666666664,0.9999999962973471,0.295123852258577,344.52493814538576,2624.063941795244,0,High Value
10331,3.0,174.0,519.0,74.54333333333334,0.9999999788482177,0.22222935606351332,101.85476243220677,584.1605263417732,3,Low Value
10332,16.0,629.0,664.0,301.303125,0.9999999996590652,0.6736212685039767,317.1195754147667,5513.00366444406,0,High Value
10333,11.0,514.0,523.0,260.40636363636366,0.9999999999346174,0.5891848915822159,280.78630664720015,4269.499480052204,3,Low Value
10334,2.0,540.0,541.0,109.71000000000001,0.9999999999933926,0.17012565699989085,182.8856963765917,802.9693988362145,3,Low Value
10335,23.0,635.0,674.0,1351.1352173913044,0.9999999995133664,0.9268754601751089,1399.5509985059653,33478.003573243135,1,Very High Value
10336,4.0,414.0,458.0,309.945,0.9999999996208413,0.2964799787596786,387.12355556797297,2962.0637939529847,3,Low Value
10337,6.0,501.0,509.0,220.55166666666665,0.9999999999439351,0.36686732632031294,254.4217230596582,2408.8661180348995,3,Low Value
10338,4.0,449.0,612.0,218.98499999999999,0.9999999976413956,0.23483072569813354,273.6020217900819,1658.1494127467663,3,Low Value
10339,14.0,645.0,648.0,306.675,0.9999999999803273,0.6102404215023006,325.2103669713122,5121.70772901279,0,High Value
10340,26.0,689.0,694.0,949.7984615384617,0.9999999999658578,1.0137485629837,979.7934062753017,25633.871506297077,1,Very High Value
10341,15.0,655.0,726.0,241.99066666666667,0.9999999990016071,0.5896476377995213,255.60119903728545,3889.5995280821844,0,High Value
10342,22.0,598.0,640.0,985.3168181818181,0.9999999994365112,0.9288449505019519,1022.3014147841826,24505.95463692464,1,Very High Value
10343,2.0,416.0,578.0,51.394999999999996,0.9999999981805019,0.1612173919009131,86.09977985090967,358.23116959344105,3,Low Value
10344,6.0,556.0,577.0,381.32,0.9999999998454185,0.331512021912305,439.7443574523823,3762.2616589040495,0,High Value
10345,9.0,676.0,706.0,351.1666666666667,0.9999999997695956,0.3881074068184282,385.30786731542725,3859.3062848133854,0,High Value
10346,3.0,276.0,621.0,70.22666666666667,0.999999987016919,0.19199035182530538,95.9818283070861,475.5737353809769,3,Low Value
10347,7.0,432.0,500.0,104.06285714285715,0.9999999992127122,0.41984440720072463,117.55024487218124,1273.6829913768845,3,Low Value
10348,22.0,698.0,707.0,1149.9272727272728,0.9999999999359066,0.854369087469577,1193.0830586564393,26306.655914396855,1,Very High Value
10350,12.0,701.0,702.0,355.71333333333337,0.9999999999937015,0.4983308248745324,381.0362501052228,4900.422049374842,0,High Value
10351,27.0,708.0,710.0,1126.608148148148,0.9999999999870992,1.0301805865942215,1160.822257163495,30862.31694285625,1,Very High Value
10352,3.0,673.0,720.0,74.60000000000001,0.99999999966215,0.16959243934827212,101.93185886473732,446.1345628717491,0,High Value
10354,7.0,587.0,599.0,306.26000000000005,0.9999999999163671,0.3627194056672187,345.6522592178257,3235.635785100065,0,High Value
10355,6.0,684.0,712.0,330.2083333333333,0.9999999997997102,0.2782718265513096,380.82635713182094,2734.9266055525386,0,High Value
10356,1.0,4.0,355.0,170.4,0.9999999806080423,0.1735238044478558,835.7913411207829,3742.883996624021,2,Medium Value
10357,10.0,650.0,686.0,243.64600000000002,0.9999999997001308,0.4344636393022526,264.7924769389229,2968.9885099057014,0,High Value
10358,1.0,367.0,498.0,165.72,0.9999999987463035,0.13392343096892,812.9654902858775,2809.817521665743,3,Low Value
10359,8.0,582.0,620.0,346.985,0.9999999996804478,0.39261876378490707,385.4033377366925,3905.1341884035023,0,High Value
10360,5.0,546.0,698.0,124.578,0.999999997933144,0.24669192237878595,148.35869770470416,944.5335324631435,0,High Value
10362,3.0,636.0,678.0,129.85999999999999,0.9999999996968274,0.17842310345131868,177.11448583481484,815.5575467068766,0,High Value
10363,1.0,179.0,409.0,150.48,0.9999999962402248,0.15609421302370613,738.635155515801,2975.542896040513,2,Medium Value
10364,5.0,397.0,471.0,66.21600000000001,0.9999999991880231,0.3400847494188265,78.96324702907486,693.045255175751,3,Low Value
10365,9.0,640.0,711.0,267.8877777777777,0.9999999992555455,0.38579616432711933,293.96025045648673,2926.8195897046635,0,High Value
10366,18.0,582.0,680.0,274.30611111111114,0.9999999971382778,0.7344938680293559,287.0365630630435,5440.951248273228,0,High Value
10367,10.0,561.0,627.0,316.619,0.9999999992364403,0.46838779266502684,344.06760641861115,4159.094545116591,0,High Value
10368,5.0,569.0,710.0,63.50999999999999,0.9999999982328263,0.2431619015010371,75.74567241668574,475.33828523258006,0,High Value
10369,1.0,168.0,278.0,66.48,0.9999999987209784,0.2063843024189808,328.9403969405766,1752.0371585291675,2,Medium Value
10370,7.0,672.0,712.0,303.52,0.999999999687444,0.3139602894875736,342.56121890699075,2775.634999398945,0,High Value
10371,26.0,612.0,719.0,1100.07,0.9999999926976768,0.9838482713269565,1134.8045247972445,28813.673098837982,1,Very High Value
10372,7.0,488.0,627.0,355.2285714285714,0.9999999975199643,0.3492783796167677,400.89453230166174,3613.6931757710677,0,High Value
10373,3.0,484.0,677.0,107.44333333333333,0.9999999974590454,0.17864457943948311,146.6160441425859,675.9596612318112,0,High Value
10374,12.0,672.0,701.0,240.85083333333333,0.9999999997652387,0.49893150719240764,258.0245388618173,3322.3958814817033,0,High Value
10375,1.0,217.0,236.0,87.48,0.9999999998488793,0.23015817953031148,431.36408658438273,2562.240180794236,2,Medium Value
10376,4.0,310.0,506.0,111.715,0.9999999954877714,0.27405504178193285,139.72498871670487,988.2374739549064,3,Low Value
10377,31.0,707.0,722.0,1049.1983870967742,0.9999999998733868,1.1567228474188724,1076.8442253418953,32146.347583624476,1,Very High Value
10378,6.0,591.0,616.0,278.75333333333333,0.9999999998153355,0.31414856019069726,321.512585850095,2606.6486159247147,0,High Value
10379,10.0,677.0,706.0,337.735,0.9999999997746909,0.4240524343478743,367.0072366118757,4016.461675832539,0,High Value
10380,4.0,350.0,630.0,261.53749999999997,0.9999999912196923,0.2292587368069372,326.7091575209934,1933.0213101977122,3,Low Value
10381,18.0,657.0,710.0,938.0944444444444,0.9999999993227897,0.7082183969419579,981.4956555026421,17939.280662245244,1,Very High Value
10382,33.0,689.0,719.0,1059.8236363636363,0.9999999996270879,1.2316043775461594,1086.0148903891552,34518.85986027019,1,Very High Value
10383,1.0,162.0,189.0,197.4,0.9999999997697613,0.26421727621396635,967.4789420913908,6597.0863855875,2,Medium Value
10384,6.0,654.0,697.0,285.87166666666667,0.9999999996643618,0.2833275896103083,329.7181090303577,2410.910599481369,0,High Value
10385,7.0,560.0,656.0,359.7485714285714,0.9999999988514892,0.3363686522538663,405.9936206976375,3524.3916505242796,0,High Value
10386,2.0,629.0,671.0,37.815,0.9999999997041229,0.14246667754048217,63.56093484672958,233.69693220939126,0,High Value
10387,7.0,464.0,607.0,74.17714285714285,0.9999999972425779,0.3587747003637732,83.83566546516062,776.2472334223075,3,Low Value
10388,28.0,709.0,712.0,1065.115,0.9999999999802842,1.0634180121166132,1096.2745535780057,30086.577306795563,1,Very High Value
10390,10.0,601.0,643.0,265.566,0.9999999996194506,0.4586753394693951,288.6055425686046,3416.327503626621,0,High Value
10391,4.0,654.0,663.0,62.9,0.9999999999410627,0.21970155850210726,78.80201519683072,446.8069300339112,0,High Value
10392,3.0,420.0,519.0,62.39333333333334,0.9999999989870778,0.22222936053895992,85.32438028080534,489.35498653369217,3,Low Value
10394,10.0,518.0,585.0,286.098,0.9999999991741113,0.49595515885947317,310.91073707173535,3979.4914080122244,0,High Value
10396,19.0,672.0,681.0,901.0021052631579,0.9999999999362064,0.7706416276559036,940.3995613434979,18703.131242682695,1,Very High Value
10397,18.0,691.0,727.0,1182.453888888889,0.9999999996470237,0.6941468647583878,1237.145882384103,22162.65160353183,1,Very High Value
10398,11.0,518.0,712.0,285.4036363636364,0.9999999901848448,0.45671413701762953,307.7308605921788,3627.145231974198,0,High Value
10399,21.0,706.0,712.0,1202.2728571428572,0.9999999999593896,0.8135987712539076,1249.6240793582479,26238.506309792836,1,Very High Value
10400,3.0,315.0,388.0,328.69,0.9999999992482889,0.27858167814699647,447.6277272474194,3218.244006439685,2,Medium Value
10401,6.0,647.0,680.0,122.28500000000001,0.9999999997536253,0.2892842092508763,141.14669456321914,1053.767691882191,0,High Value
10402,3.0,515.0,704.0,47.88666666666666,0.9999999976435405,0.17285145129987034,65.58769355298668,292.58012972643854,0,High Value
10403,8.0,457.0,602.0,352.87125,0.9999999966748934,0.40229171958986976,391.93904896552084,4069.2002916777838,3,Low Value
10404,2.0,463.0,625.0,426.27,0.9999999982761627,0.15116280182417627,708.2831024534142,2763.12958509738,3,Low Value
10405,11.0,645.0,676.0,210.85,0.9999999997453204,0.47714858073614536,227.36951482814075,2799.853516504268,0,High Value
10406,9.0,592.0,642.0,205.5677777777778,0.9999999995300639,0.42034024209036974,225.60218806393368,2447.3366636245796,0,High Value
10407,14.0,592.0,654.0,1119.1764285714285,0.999999999187561,0.6055619057107973,1186.6260096169447,18544.786994638605,1,Very High Value
10408,1.0,141.0,666.0,152.46,0.9999999808610297,0.10560865960246014,748.2922462536457,2039.483586964014,3,Low Value
10409,11.0,560.0,600.0,310.22545454545457,0.9999999996195805,0.5269192427830977,334.48629212702605,4548.537947096399,0,High Value
10410,5.0,499.0,661.0,482.434,0.9999999975158458,0.2582515867551037,573.8680770436233,3824.7627776234362,0,High Value
10411,16.0,709.0,712.0,1008.22375,0.9999999999807083,0.6351564563813825,1061.0003494072753,17391.846070329037,1,Very High Value
10412,2.0,205.0,362.0,116.07,0.999999997523592,0.2321966084488348,193.44144411050814,1159.1905620799382,2,Medium Value
10413,2.0,299.0,327.0,57.78,0.9999999997741278,0.25003405927429817,96.69702030390599,623.9671157030078,2,Medium Value
10414,4.0,403.0,595.0,99.3825,0.999999996549247,0.24034769525173244,124.33356044806105,771.2190902547748,3,Low Value
10415,4.0,606.0,633.0,42.08,0.9999999998073961,0.2283556805018718,52.81786465532136,311.27346329926263,0,High Value
10416,8.0,587.0,688.0,301.21875,0.9999999986959882,0.35992488485161833,334.58745427500304,3107.9281201885697,0,High Value
10417,10.0,569.0,653.0,297.16999999999996,0.9999999988725665,0.45280698232544475,322.93894248468405,3773.8355634931354,0,High Value
10418,5.0,512.0,684.0,87.548,0.9999999972887388,0.2509420499603927,104.32810350782,675.6537526066107,0,High Value
10419,8.0,529.0,592.0,323.83250000000004,0.9999999993362054,0.4078743930402246,359.6962994312433,3786.272344016847,0,High Value
10420,1.0,219.0,507.0,66.64,0.9999999950684901,0.1320271181702655,329.7207679092913,1123.4632880468687,3,Low Value
10421,20.0,699.0,706.0,992.298,0.9999999999520248,0.7835027097615355,1033.4231272661902,20896.23858914823,1,Very High Value
10422,23.0,715.0,728.0,1165.545652173913,0.9999999999019236,0.8684458321276158,1207.3170827261538,27059.110730312328,1,Very High Value
10423,3.0,316.0,691.0,61.65333333333333,0.9999999863390339,0.17559308854029285,84.31759157364179,382.09825095790177,3,Low Value
10424,4.0,381.0,464.0,85.465,0.9999999990971362,0.2934781958043017,106.96399199650214,810.145235529624,3,Low Value
10426,33.0,688.0,713.0,882.809090909091,0.9999999997242706,1.2403847458523114,904.6308061507617,28958.57776845605,1,Very High Value
10427,4.0,533.0,689.0,90.8525,0.9999999980582455,0.2127150291204011,113.68779656145804,624.1104635028073,0,High Value
10428,29.0,705.0,723.0,1038.5713793103448,0.9999999998417108,1.0849095977361596,1067.8780394130545,29899.54956010649,1,Very High Value
10429,24.0,682.0,703.0,1018.96875,0.9999999998138824,0.9306279645501923,1053.9185748801497,25312.357542891234,1,Very High Value
10430,6.0,532.0,535.0,198.29999999999998,0.9999999999798326,0.35249354919206927,228.77153809602257,2081.1462681675703,3,Low Value
10431,31.0,679.0,692.0,1119.2864516129032,0.9999999998927804,1.1990106319837308,1148.7769448325853,35547.428069697366,1,Very High Value
10432,11.0,682.0,698.0,242.9436363636364,0.9999999998860596,0.46444936733965275,261.9632373403996,3139.9892656504003,0,High Value
10433,11.0,670.0,685.0,301.7063636363636,0.9999999998934113,0.47187043907890813,325.3035661926188,3961.5125359688413,0,High Value
10434,14.0,693.0,722.0,296.06928571428574,0.9999999997595108,0.5571515692494168,313.96616743407856,4514.458329697967,0,High Value
10435,21.0,672.0,698.0,791.1566666666668,0.9999999997600744,0.8273784413672591,822.3324740417684,17559.052624399803,1,Very High Value
10436,20.0,659.0,722.0,1206.9485,0.9999999989832227,0.7687649609012405,1256.9588283422422,24938.140778071847,1,Very High Value
10437,28.0,707.0,710.0,998.9692857142857,0.9999999999802689,1.065954163162703,1028.19596837276,28285.500363650095,1,Very High Value
10438,31.0,672.0,715.0,1093.7948387096774,0.9999999992878721,1.1663209799283956,1122.6144155490006,33790.77414319082,1,Very High Value
10439,3.0,637.0,676.0,107.99666666666667,0.9999999997210571,0.17886660675163968,147.36886813082532,680.2749123283056,0,High Value
10440,8.0,609.0,690.0,262.16249999999997,0.9999999991107558,0.35904552643790244,291.2219207552017,2698.5037185703263,0,High Value
10441,8.0,576.0,641.0,232.605,0.9999999993379436,0.3819055222535458,258.40318477795034,2546.8492478087896,0,High Value
10442,5.0,494.0,522.0,387.752,0.9999999997827449,0.31342610443768154,461.28625906497393,3731.256643236501,3,Low Value
10443,4.0,601.0,640.0,86.23,0.9999999997082745,0.22627595947735932,107.91874104377662,630.2091789766425,0,High Value
10445,3.0,422.0,486.0,132.72333333333333,0.9999999994299815,0.23416147249601205,181.01012321974048,1093.875117144651,3,Low Value
10446,3.0,343.0,560.0,83.25333333333333,0.9999999959991512,0.2089977294963463,113.70493762057765,613.2962811477407,3,Low Value
10447,12.0,674.0,674.0,258.44,1.0,0.515715733506781,276.8616135468723,3684.873350492574,0,High Value
10448,5.0,438.0,482.0,62.83200000000001,0.9999999996124784,0.3339581781278668,74.93949518564371,645.8806672605497,3,Low Value
10449,3.0,622.0,685.0,75.61999999999999,0.99999999951294,0.1768880127531204,103.31959465028704,471.6616169426973,0,High Value
10450,4.0,415.0,717.0,268.4175,0.9999999913833356,0.20567154862541462,335.2956587566123,1779.7196172605447,0,High Value
10451,12.0,489.0,498.0,289.46999999999997,0.9999999999333142,0.6605686550609404,310.0931155591293,5286.393962818296,3,Low Value
10452,7.0,557.0,618.0,303.05285714285714,0.9999999994132454,0.35348876418246855,342.03422715430935,3120.2875685641684,0,High Value
10453,2.0,357.0,488.0,105.67500000000001,0.999999998556494,0.1847486633932607,176.18877151710228,840.0574185244024,3,Low Value
10454,4.0,556.0,602.0,78.85249999999999,0.999999999637198,0.2380449093350912,98.71134091793678,606.4226149852235,0,High Value
10455,3.0,153.0,441.0,102.36333333333334,0.9999999850286749,0.2526606299378452,139.7045757204362,910.9565108359269,2,Medium Value
10456,15.0,688.0,715.0,255.40933333333336,0.99999999977584,0.5973361922222705,269.7708269922955,4158.754189973689,0,High Value
10457,6.0,249.0,539.0,268.95166666666665,0.9999999668694282,0.3503815577463303,310.21390127432227,2805.123157571029,3,Low Value
10458,24.0,702.0,717.0,1164.9508333333333,0.9999999998812894,0.9152203587978744,1204.9017839286976,28459.4667687066,1,Very High Value
10459,16.0,648.0,651.0,963.181875,0.9999999999802724,0.6848539380242663,1013.6035361694752,17914.94640818559,1,Very High Value
10460,2.0,309.0,339.0,75.14,0.9999999997576188,0.243617552157596,125.50956443296094,789.1050748321624,2,Medium Value
10461,1.0,210.0,323.0,212.08,0.9999999987584558,0.1858193480298469,1039.0779784709655,4982.972743049175,2,Medium Value
10462,7.0,571.0,672.0,327.0028571428571,0.9999999987701262,0.3296463863406079,369.05262695157035,3139.6848635485608,0,High Value
10463,2.0,53.0,484.0,82.66,0.9999999513274341,0.18595496420311688,137.99057433218292,662.2266251451376,2,Medium Value
10464,9.0,377.0,692.0,241.42666666666668,0.9999999346549762,0.39472869736549326,264.9353742640989,2698.908056235035,3,Low Value
10465,2.0,338.0,479.0,93.98,0.9999999983549761,0.18748519504178757,156.77847753154364,758.5825715037791,3,Low Value
10466,3.0,526.0,713.0,380.31,0.9999999977150063,0.17100300946076408,517.8580421984763,2285.4089175416448,0,High Value
10467,8.0,431.0,450.0,321.4875,0.9999999998468023,0.5079735706688862,357.0925631251736,4681.35268619779,3,Low Value
10468,9.0,597.0,721.0,273.38444444444445,0.9999999979612806,0.38125529016461185,299.9894783600662,2951.6940531631394,0,High Value
10469,21.0,520.0,727.0,954.4766666666666,0.9999998922967293,0.7993351619905963,992.0783186397541,20465.592150641965,1,Very High Value
10470,25.0,720.0,722.0,1125.2,0.9999999999871858,0.9451094552537103,1162.1948856368601,28347.22213624378,1,Very High Value
10471,6.0,451.0,482.0,27.375,0.999999999741866,0.38308955263885774,31.74099963855459,313.81257852374597,3,Low Value
10472,6.0,569.0,639.0,64.715,0.9999999993322579,0.3047356580677267,74.783973492595,588.1407229693235,0,High Value
10473,5.0,560.0,631.0,54.372,0.9999999993497222,0.2684509923920822,64.88011557706578,449.4962444811672,0,High Value
10474,24.0,616.0,687.0,1072.8729166666667,0.9999999982031935,0.9488843450878274,1109.6694168916142,27174.173089501954,1,Very High Value
10475,1.0,614.0,670.0,17.0,0.9999999996048561,0.10507969773820992,87.61067486555153,237.58842554035886,0,High Value
10476,26.0,622.0,624.0,1153.0488461538462,0.9999999999866969,1.1080372487456258,1189.4543293070424,34013.519368885296,1,Very High Value
10477,18.0,695.0,710.0,1045.2238888888887,0.9999999998874611,0.7082183973418563,1093.575083577024,19987.81171431388,1,Very High Value
10479,2.0,385.0,578.0,55.72,0.9999999975353469,0.16121739179690292,93.2780202517255,388.09732531767173,3,Low Value
10480,25.0,693.0,695.0,1022.6172,0.9999999999870601,0.9760925950409556,1056.2429439683347,26607.512680532676,1,Very High Value
10481,24.0,704.0,707.0,1297.4133333333332,0.9999999999803899,0.9261731093259258,1341.9022491359683,32074.69144745943,1,Very High Value
10482,5.0,422.0,424.0,86.50999999999999,0.9999999999861029,0.3690093930284794,103.09386757002994,981.7924601224878,3,Low Value
10483,25.0,577.0,602.0,1208.4528,0.9999999997327511,1.1003406695343196,1248.181969332581,35444.96148368281,1,Very High Value
10484,18.0,577.0,627.0,279.8283333333333,0.9999999993186433,0.786012892592938,292.81394305017926,5939.786862180613,0,High Value
10485,1.0,448.0,468.0,75.12,0.9999999998577707,0.1406576759600148,371.0804292511711,1347.0413475312364,3,Low Value
10486,32.0,606.0,632.0,1227.5215625,0.9999999996828874,1.3330358668324267,1258.8243627961906,43306.83180015475,1,Very High Value
10487,20.0,716.0,724.0,937.8300000000002,0.9999999999448606,0.7669616354909531,976.7004894609655,19332.342683507806,1,Very High Value
10488,11.0,705.0,706.0,235.91363636363633,0.9999999999937137,0.45999746197610264,254.38560211995656,3019.933652283799,0,High Value
10489,6.0,294.0,493.0,82.40666666666667,0.9999999917624937,0.3763103793201761,95.17770530212181,924.3381244290885,3,Low Value
10490,6.0,204.0,335.0,58.085,0.9999999957216072,0.5045589595310082,67.1413672619499,874.2820102983272,2,Medium Value
10491,5.0,635.0,711.0,100.19800000000001,0.9999999993295128,0.24287228808781489,119.36961084215932,748.2059909280605,0,High Value
10492,8.0,677.0,688.0,89.4825,0.9999999999260714,0.3599248852943589,99.48921912103854,924.1390799073058,0,High Value
10493,6.0,534.0,703.0,88.09333333333332,0.9999999970831881,0.2812833974302891,101.7329019986932,738.507603656017,0,High Value
10494,11.0,641.0,708.0,345.41636363636366,0.9999999992490762,0.4588977887233767,372.418564127976,4410.590373881244,0,High Value
10495,4.0,668.0,676.0,237.2,0.9999999999480611,0.2161518535473221,296.3350334189769,1653.070595608307,0,High Value
10496,5.0,654.0,667.0,66.59200000000001,0.9999999999129341,0.2563040077457825,79.41033056723388,525.2690839154127,0,High Value
10497,3.0,461.0,667.0,71.60000000000001,0.99999999707163,0.18088996436505228,97.85028302488512,456.79989806829934,3,Low Value
10498,2.0,692.0,710.0,68.235,0.9999999998827982,0.1358411721861764,114.04927542310354,399.8281706708505,0,High Value
10499,3.0,239.0,389.0,50.04,0.9999999973845681,0.2780434676492386,68.51735798914727,491.6575848188319,2,Medium Value
10500,21.0,591.0,691.0,1270.46,0.9999999961266448,0.8344448049063702,1320.4940533663867,28436.982053769,1,Very High Value
